id,deathpen,rdefend,rvictim
1,No,White,White
2,No,White,Black
3,Yes,White,White
4,No,White,White
5,No,Black,Black
6,No,White,Black
7,No,Black,Black
8,No,White,White
9,No,White,White
10,No,White,Black
11,No,Black,Black
12,No,Black,Black
13,No,White,White
14,No,Black,Black
15,No,White,White
16,No,White,White
17,No,Black,Black
18,No,Black,White
19,No,Black,Black
20,No,White,White
21,No,Black,Black
22,Yes,White,Black
23,No,White,White
24,Yes,Black,White
25,No,Black,Black
26,No,White,White
27,No,Black,Black
28,No,White,White
29,No,White,White
30,No,Black,Black
31,No,Black,Black
32,No,Black,White
33,Yes,White,Black
34,Yes,Black,Black
35,No,Black,Black
36,No,Black,Black
37,No,Black,Black
38,No,White,White
39,No,Black,Black
40,No,White,White
41,No,Black,Black
42,No,White,White
43,No,White,White
44,No,White,White
45,No,White,White
46,No,Black,Black
47,No,Black,Black
48,No,Black,Black
49,No,White,White
50,No,White,White
51,No,White,White
52,No,Black,Black
53,No,White,White
54,No,Black,Black
55,No,Black,White
56,No,Black,Black
57,No,White,White
58,No,Black,Black
59,No,Black,Black
60,No,White,White
61,No,Black,Black
62,Yes,Black,White
63,No,White,White
64,No,Black,Black
65,No,Black,Black
66,No,White,White
67,No,White,White
68,No,Black,Black
69,No,Black,Black
70,No,Black,Black
71,No,White,White
72,No,Black,Black
73,No,Black,Black
74,No,White,Black
75,No,Black,Black
76,No,Black,Black
77,No,Black,Black
78,No,Black,Black
79,Yes,White,Black
80,No,Black,Black
81,No,Black,Black
82,No,White,White
83,No,White,Black
84,No,Black,Black
85,No,Black,Black
86,No,Black,Black
87,No,Black,Black
88,No,Black,Black
89,No,White,White
90,No,Black,Black
91,No,Black,Black
92,No,Black,Black
93,No,Black,Black
94,No,White,White
95,No,Black,Black
96,No,Black,Black
97,Yes,White,White
98,No,Black,Black
99,No,Black,Black
100,No,Black,Black
101,Yes,Black,Black
102,No,Black,Black
103,No,White,White
104,No,Black,White
105,No,White,White
106,No,Black,Black
107,No,White,Black
108,No,White,White
109,No,Black,Black
110,No,White,White
111,No,Black,Black
112,No,Black,Black
113,No,White,White
114,No,Black,Black
115,No,Black,Black
116,No,Black,Black
117,No,White,White
118,No,White,White
119,No,Black,Black
120,No,Black,Black
121,No,White,Black
122,No,White,White
123,No,White,White
124,No,White,Black
125,No,Black,Black
126,No,Black,White
127,No,Black,Black
128,No,Black,Black
129,No,White,White
130,No,Black,Black
131,No,White,White
132,No,Black,Black
133,No,White,White
134,No,Black,Black
135,Yes,Black,White
136,No,White,White
137,Yes,Black,White
138,No,White,White
139,No,Black,Black
140,No,White,White
141,No,Black,Black
142,No,White,White
143,No,White,White
144,No,White,Black
145,No,Black,Black
146,No,White,White
147,No,Black,Black
148,No,White,White
149,No,White,White
150,No,Black,Black
151,No,Black,Black
152,No,Black,Black
153,No,White,White
154,No,White,White
155,No,Black,Black
156,No,White,Black
157,No,White,White
158,No,Black,Black
159,No,Black,Black
160,No,White,Black
161,No,White,White
162,No,White,White
163,No,Black,Black
164,No,Black,Black
165,No,Black,Black
166,No,Black,Black
167,No,Black,Black
168,No,White,White
169,No,White,White
170,No,Black,Black
171,No,Black,Black
172,No,White,White
173,No,Black,White
174,No,Black,Black
175,No,Black,Black
176,No,Black,Black
177,No,White,White
178,No,White,White
179,No,White,White
180,No,White,Black
181,No,Black,Black
182,No,White,White
183,No,Black,White
184,No,Black,Black
185,No,Black,Black
186,Yes,White,White
187,No,White,White
188,No,Black,Black
189,No,Black,Black
190,No,Black,Black
191,No,Black,Black
192,No,White,White
193,No,Black,Black
194,Yes,White,White
195,No,White,White
196,No,Black,Black
197,No,White,White
198,Yes,White,White
199,No,Black,Black
200,No,White,White
201,No,White,White
202,No,White,White
203,No,Black,Black
204,No,Black,Black
205,No,Black,Black
206,Yes,White,White
207,No,White,White
208,No,Black,Black
209,No,White,Black
210,No,Black,Black
211,No,Black,White
212,No,White,White
213,No,Black,Black
214,No,Black,Black
215,No,White,White
216,No,Black,Black
217,Yes,Black,White
218,No,White,White
219,No,White,Black
220,No,Black,Black
221,No,Black,Black
222,No,White,White
223,No,Black,Black
224,No,White,White
225,No,White,White
226,No,White,White
227,No,White,White
228,No,Black,Black
229,No,White,White
230,No,White,White
231,No,White,Black
232,No,Black,Black
233,No,White,White
234,No,Black,Black
235,No,Black,Black
236,No,Black,Black
237,No,Black,Black
238,No,Black,Black
239,No,Black,Black
240,No,Black,Black
241,No,Black,Black
242,No,Black,White
243,No,White,White
244,No,White,White
245,No,White,Black
246,No,White,White
247,No,Black,Black
248,No,Black,Black
249,No,Black,Black
250,No,White,White
251,No,Black,Black
252,Yes,Black,Black
253,No,White,White
254,No,Black,Black
255,No,White,White
256,No,White,White
257,No,White,White
258,No,Black,Black
259,No,White,White
260,No,Black,Black
261,No,Black,Black
262,No,Black,Black
263,No,Black,Black
264,No,Black,Black
265,No,White,White
266,No,White,White
267,No,Black,Black
268,No,White,White
269,No,Black,Black
270,No,Black,Black
271,No,Black,Black
272,No,Black,Black
273,No,Black,Black
274,No,White,White
275,No,Black,Black
276,Yes,Black,White
277,No,White,White
278,No,Black,Black
279,No,Black,Black
280,No,White,White
281,No,Black,Black
282,No,White,White
283,No,Black,Black
284,No,Black,Black
285,No,White,White
286,No,Black,Black
287,No,Black,Black
288,No,White,White
289,No,Black,Black
290,No,White,Black
291,No,Black,Black
292,No,White,White
293,No,Black,Black
294,No,Black,Black
295,No,White,White
296,No,Black,Black
297,No,White,White
298,No,White,White
299,No,White,White
300,No,Black,Black
301,No,White,White
302,No,White,White
303,No,Black,Black
304,No,White,White
305,No,Black,White
306,No,Black,Black
307,No,White,White
308,No,White,White
309,No,Black,Black
310,No,Black,Black
311,No,Black,Black
312,No,Black,Black
313,No,White,White
314,No,Black,Black
315,No,White,White
316,No,Black,Black
317,No,Black,Black
318,No,Black,Black
319,Yes,White,White
320,No,White,Black
321,No,White,Black
322,No,White,White
323,No,White,White
324,No,Black,Black
325,No,Black,Black
326,No,White,White
327,No,Black,Black
328,No,Black,Black
329,No,White,White
330,No,White,White
331,No,White,White
332,No,White,Black
333,No,White,Black
334,No,Black,Black
335,Yes,Black,Black
336,No,Black,Black
337,Yes,Black,White
338,No,Black,Black
339,No,White,White
340,No,White,Black
341,No,Black,Black
342,No,Black,Black
343,No,Black,Black
344,No,Black,Black
345,No,Black,Black
346,No,Black,Black
347,No,White,White
348,No,White,White
349,No,White,White
350,No,White,White
351,No,Black,Black
352,No,Black,Black
353,No,Black,Black
354,No,White,White
355,No,Black,Black
356,No,Black,Black
357,No,Black,Black
358,No,White,Black
359,No,White,White
360,No,Black,Black
361,No,White,White
362,Yes,White,White
363,No,White,White
364,No,Black,Black
365,No,White,White
366,No,Black,Black
367,No,Black,Black
368,No,White,White
369,No,Black,Black
370,No,Black,Black
371,No,White,White
372,No,Black,Black
373,No,Black,Black
374,No,Black,Black
375,No,Black,Black
376,No,White,Black
377,No,White,Black
378,No,White,White
379,No,Black,Black
380,No,White,White
381,Yes,Black,White
382,No,White,White
383,No,Black,White
384,No,Black,Black
385,No,Black,Black
386,No,Black,White
387,No,Black,White
388,No,White,White
389,No,White,White
390,No,White,White
391,No,Black,Black
392,No,Black,Black
393,No,Black,Black
394,No,White,White
395,No,Black,Black
396,No,Black,Black
397,No,White,White
398,No,White,Black
399,No,Black,Black
400,No,Black,Black
401,No,Black,Black
402,No,Black,Black
403,No,Black,Black
404,No,White,White
405,No,White,White
406,No,Black,Black
407,No,Black,Black
408,No,White,White
409,No,White,White
410,No,White,White
411,No,Black,Black
412,No,White,White
413,No,White,White
414,No,White,Black
415,No,Black,Black
416,No,White,White
417,No,Black,Black
418,No,Black,Black
419,No,White,White
420,No,Black,Black
421,No,Black,Black
422,No,Black,Black
423,No,White,White
424,No,Black,Black
425,No,Black,Black
426,No,Black,Black
427,No,White,White
428,No,Black,Black
429,No,White,White
430,No,Black,Black
431,No,Black,Black
432,No,Black,Black
433,No,Black,White
434,No,White,White
435,No,Black,Black
436,No,Black,Black
437,No,White,White
438,No,Black,Black
439,No,White,White
440,No,Black,Black
441,No,Black,Black
442,No,Black,Black
443,No,White,White
444,No,White,Black
445,No,White,White
446,No,White,White
447,No,Black,Black
448,No,White,Black
449,Yes,Black,White
450,No,Black,Black
451,No,White,White
452,No,Black,White
453,No,Black,Black
454,No,Black,Black
455,No,White,Black
456,No,White,White
457,No,White,White
458,No,White,White
459,No,Black,Black
460,No,White,White
461,No,White,White
462,No,Black,White
463,No,White,White
464,No,White,White
465,No,White,Black
466,No,Black,Black
467,No,White,White
468,No,Black,Black
469,No,Black,Black
470,No,Black,Black
471,No,White,White
472,No,Black,White
473,No,Black,Black
474,No,Black,Black
475,No,White,White
476,No,Black,Black
477,No,White,White
478,No,Black,Black
479,No,Black,Black
480,No,White,White
481,No,White,White
482,No,Black,Black
483,No,Black,Black
484,Yes,Black,White
485,No,Black,Black
486,Yes,White,White
487,No,White,White
488,No,Black,Black
489,No,White,White
490,No,Black,White
491,No,White,White
492,Yes,White,White
493,No,Black,Black
494,No,White,Black
495,No,Black,Black
496,No,Black,Black
497,No,White,Black
498,No,White,White
499,No,Black,Black
500,No,Black,Black
501,No,Black,Black
502,No,White,White
503,No,White,White
504,No,Black,Black
505,No,White,White
506,No,Black,Black
507,No,Black,Black
508,No,Black,Black
509,No,Black,Black
510,No,White,White
511,No,Black,Black
512,No,White,White
513,No,Black,Black
514,No,Black,Black
515,No,Black,Black
516,No,White,White
517,No,White,White
518,No,Black,Black
519,No,White,White
520,No,Black,Black
521,No,White,White
522,No,Black,Black
523,No,Black,Black
524,No,Black,Black
525,No,Black,Black
526,Yes,White,White
527,No,White,White
528,No,Black,Black
529,No,Black,Black
530,No,White,White
531,No,Black,Black
532,No,Black,Black
533,No,Black,Black
534,No,White,White
535,No,Black,Black
536,No,Black,Black
537,No,Black,Black
538,No,Black,Black
539,No,Black,Black
540,No,White,White
541,No,White,Black
542,No,Black,Black
543,No,Black,Black
544,No,White,Black
545,No,White,White
546,No,White,White
547,No,White,Black
548,No,Black,Black
549,No,Black,Black
550,No,Black,Black
551,No,White,White
552,No,White,White
553,No,White,White
554,No,White,White
555,No,Black,Black
556,No,Black,Black
557,No,Black,Black
558,No,Black,Black
559,No,Black,Black
560,No,White,White
561,No,Black,White
562,No,Black,Black
563,No,White,White
564,No,White,White
565,No,Black,Black
566,No,White,White
567,No,Black,Black
568,No,White,Black
569,No,Black,Black
570,No,Black,Black
571,No,Black,Black
572,No,Black,Black
573,No,Black,White
574,No,White,White
575,Yes,White,White
576,No,Black,Black
577,No,White,White
578,No,Black,Black
579,No,Black,Black
580,No,White,White
581,No,White,Black
582,No,Black,Black
583,No,Black,Black
584,No,Black,Black
585,No,White,Black
586,No,White,White
587,No,White,White
588,No,White,Black
589,No,Black,Black
590,No,Black,Black
591,No,White,White
592,No,White,White
593,No,White,White
594,No,Black,Black
595,No,Black,Black
596,No,Black,Black
597,No,Black,Black
598,No,Black,Black
599,No,Black,Black
600,No,Black,Black
601,No,White,White
602,No,Black,Black
603,No,Black,Black
604,No,Black,Black
605,No,White,White
606,No,Black,Black
607,No,Black,Black
608,No,Black,Black
609,No,Black,Black
610,No,Black,Black
611,No,White,White
612,Yes,White,White
613,No,White,White
614,No,White,White
615,No,Black,Black
616,No,White,White
617,No,White,White
618,Yes,White,White
619,No,Black,Black
620,No,White,White
621,No,Black,Black
622,No,White,White
623,No,White,Black
624,No,Black,Black
625,No,Black,Black
626,No,Black,Black
627,No,Black,Black
628,No,Black,Black
629,No,White,White
630,No,White,White
631,No,Black,Black
632,No,Black,Black
633,No,White,White
634,No,White,White
635,Yes,White,White
636,No,Black,Black
637,No,Black,Black
638,No,White,White
639,No,White,White
640,Yes,White,White
641,No,White,White
642,No,Black,Black
643,No,Black,Black
644,No,Black,Black
645,No,Black,Black
646,No,Black,Black
647,No,Black,Black
648,No,Black,Black
649,No,White,White
650,No,Black,Black
651,No,White,Black
652,No,White,Black
653,No,Black,Black
654,No,Black,Black
655,No,Black,Black
656,No,Black,Black
657,No,Black,Black
658,No,White,White
659,No,White,White
660,No,Black,Black
661,No,Black,Black
662,No,Black,Black
663,No,White,White
664,No,Black,Black
665,No,White,White
666,No,White,Black
667,No,White,White
668,No,White,White
669,No,Black,Black
670,Yes,White,White
671,Yes,Black,Black
672,No,White,Black
673,No,White,Black
674,No,Black,Black
675,No,Black,Black
676,No,White,White
677,No,Black,Black
678,No,Black,Black
679,No,White,White
680,No,Black,Black
681,No,White,White
682,Yes,White,White
683,No,White,Black
684,No,White,White
685,Yes,White,Black
686,No,Black,Black
687,Yes,Black,White
688,No,Black,Black
689,No,White,White
690,No,White,White
691,No,Black,Black
692,No,White,White
693,No,Black,Black
694,No,Black,Black
695,Yes,Black,White
696,No,Black,Black
697,No,White,White
698,No,White,White
699,No,Black,Black
700,Yes,White,White
701,No,Black,Black
702,No,White,White
703,No,Black,White
704,No,Black,Black
705,No,Black,Black
706,No,White,White
707,No,White,White
708,No,Black,Black
709,No,Black,Black
710,No,Black,Black
711,No,Black,Black
712,No,White,White
713,No,Black,Black
714,No,White,White
715,No,Black,Black
716,No,Black,Black
717,No,Black,Black
718,No,Black,Black
719,No,Black,Black
720,No,Black,Black
721,Yes,White,White
722,No,White,White
723,No,White,White
724,No,White,White
725,No,Black,Black
726,No,White,White
727,No,Black,Black
728,No,Black,Black
729,No,White,White
730,No,Black,Black
731,No,Black,Black
732,No,White,White
733,No,Black,Black
734,No,White,White
735,No,White,White
736,No,Black,Black
737,No,White,White
738,Yes,White,White
739,No,Black,Black
740,No,White,White
741,No,Black,Black
742,No,White,White
743,No,Black,Black
744,No,White,White
745,No,White,White
746,No,Black,White
747,Yes,Black,White
748,No,Black,Black
749,No,White,White
750,No,Black,Black
751,No,White,White
752,No,White,White
753,No,White,White
754,No,White,Black
755,No,White,White
756,No,Black,Black
757,No,White,White
758,No,White,White
759,No,Black,Black
760,No,Black,Black
761,No,White,White
762,No,Black,Black
763,No,Black,Black
764,No,White,White
765,Yes,White,White
766,No,Black,Black
767,No,Black,Black
768,No,Black,Black
769,No,Black,Black
770,No,Black,Black
771,No,Black,Black
772,No,Black,Black
773,No,Black,Black
774,No,White,White
775,No,White,White
776,No,Black,Black
777,No,White,White
778,No,White,Black
779,No,Black,Black
780,No,Black,Black
781,Yes,White,White
782,No,Black,Black
783,No,Black,Black
784,No,White,Black
785,No,White,White
786,No,Black,Black
787,No,Black,Black
788,No,Black,Black
789,No,White,Black
790,No,White,White
791,No,White,White
792,No,White,White
793,No,White,White
794,No,Black,Black
795,No,Black,Black
796,No,Black,Black
797,No,Black,Black
798,No,Black,Black
799,No,White,White
800,Yes,Black,White
801,No,Black,Black
802,No,Black,Black
803,No,Black,Black
804,No,Black,Black
805,No,Black,Black
806,No,Black,Black
807,No,White,White
808,No,White,White
809,No,White,White
810,No,Black,Black
811,Yes,Black,White
812,No,Black,Black
813,No,Black,Black
814,No,White,White
815,No,White,Black
816,No,Black,Black
817,No,White,White
818,No,Black,Black
819,No,Black,Black
820,No,Black,Black
821,No,White,White
822,No,Black,Black
823,No,White,White
824,No,Black,Black
825,No,Black,Black
826,No,Black,Black
827,No,Black,Black
828,No,Black,Black
829,No,Black,Black
830,No,Black,Black
831,Yes,Black,Black
832,No,White,White
833,No,White,White
834,No,White,White
835,No,Black,White
836,No,Black,Black
837,Yes,Black,White
838,No,Black,Black
839,No,Black,Black
840,No,White,White
841,No,Black,Black
842,No,White,Black
843,No,Black,Black
844,No,Black,Black
845,No,White,White
846,No,Black,Black
847,No,Black,Black
848,No,Black,Black
849,No,Black,Black
850,No,White,White
851,No,Black,Black
852,Yes,Black,White
853,No,Black,Black
854,No,White,Black
855,No,Black,Black
856,No,White,Black
857,No,White,White
858,No,Black,Black
859,No,White,White
860,No,Black,Black
861,No,Black,Black
862,No,White,White
863,No,White,Black
864,No,Black,Black
865,No,Black,Black
866,No,Black,Black
867,Yes,Black,White
868,No,Black,Black
869,No,White,White
870,No,Black,Black
871,No,Black,Black
872,No,Black,Black
873,No,Black,Black
874,No,White,White
875,No,White,White
876,No,Black,Black
877,No,Black,Black
878,Yes,White,White
879,No,White,Black
880,No,Black,Black
881,No,White,Black
882,No,Black,Black
883,No,Black,Black
884,No,Black,Black
885,No,Black,Black
886,No,Black,Black
887,No,Black,Black
888,No,Black,Black
889,No,Black,Black
890,No,White,White
891,No,White,White
892,No,Black,Black
893,No,Black,Black
894,No,Black,Black
895,No,Black,Black
896,No,White,White
897,No,White,White
898,No,Black,Black
899,Yes,White,White
900,No,White,White
901,No,White,White
902,No,Black,Black
903,No,Black,Black
904,No,White,White
905,No,White,White
906,No,White,White
907,No,Black,Black
908,No,White,White
909,No,White,Black
910,No,Black,Black
911,No,Black,Black
912,No,Black,Black
913,No,White,White
914,No,Black,Black
915,No,White,White
916,Yes,White,White
917,No,Black,Black
918,No,White,White
919,No,Black,Black
920,No,Black,Black
921,No,Black,Black
922,No,Black,Black
923,No,White,White
924,No,White,White
925,No,Black,Black
926,No,White,White
927,Yes,White,White
928,No,White,White
929,No,White,Black
930,No,Black,Black
931,No,Black,Black
932,No,Black,Black
933,No,White,White
934,No,Black,Black
935,No,Black,Black
936,No,White,White
937,No,Black,Black
938,No,White,White
939,No,Black,Black
940,No,Black,Black
941,No,White,White
942,No,Black,Black
943,No,White,White
944,No,Black,Black
945,No,White,White
946,No,White,White
947,No,White,White
948,No,Black,Black
949,No,Black,Black
950,No,White,White
951,No,Black,Black
952,No,Black,Black
953,No,Black,Black
954,No,Black,Black
955,No,White,Black
956,No,Black,Black
957,No,White,Black
958,No,White,Black
959,No,White,White
960,No,Black,Black
961,No,White,White
962,No,Black,Black
963,No,Black,Black
964,No,White,White
965,No,Black,White
966,No,White,White
967,No,Black,Black
968,No,White,White
969,No,White,White
970,No,Black,Black
971,No,Black,Black
972,No,White,White
973,No,Black,Black
974,No,White,White
975,No,White,Black
976,No,White,White
977,No,Black,Black
978,No,Black,Black
979,No,White,White
980,No,Black,White
981,No,Black,Black
982,No,White,White
983,No,White,White
984,No,Black,Black
985,No,Black,Black
986,No,Black,Black
987,No,White,White
988,No,White,White
989,No,Black,Black
990,No,Black,Black
991,No,Black,Black
992,No,White,White
993,No,Black,Black
994,No,Black,Black
995,No,Black,Black
996,Yes,White,White
997,No,White,White
998,No,Black,Black
999,No,Black,Black
1000,No,White,Black
1001,No,Black,White
1002,Yes,White,White
1003,No,White,White
1004,No,White,White
1005,No,White,Black
1006,No,Black,Black
1007,No,Black,Black
1008,No,White,White
1009,No,Black,Black
1010,No,Black,White
1011,No,Black,Black
1012,No,Black,Black
1013,No,Black,Black
1014,No,White,White
1015,No,Black,Black
1016,No,White,White
1017,No,Black,Black
1018,No,Black,Black
1019,No,White,White
1020,No,Black,Black
1021,No,White,White
1022,No,White,White
1023,No,White,White
1024,No,Black,Black
1025,Yes,White,Black
1026,No,Black,Black
1027,No,White,White
1028,No,White,White
1029,No,Black,Black
1030,No,Black,Black
1031,No,White,White
1032,No,White,Black
1033,No,Black,Black
1034,No,Black,Black
1035,No,Black,Black
1036,No,Black,Black
1037,No,White,White
1038,No,White,White
1039,No,Black,Black
1040,No,White,White
1041,No,Black,Black
1042,No,White,White
1043,No,White,White
1044,No,Black,Black
1045,No,Black,Black
1046,No,Black,Black
1047,No,Black,Black
1048,No,Black,Black
1049,No,Black,Black
1050,No,Black,Black
1051,No,White,White
1052,No,Black,Black
1053,No,Black,Black
1054,No,White,White
1055,No,Black,Black
1056,No,White,White
1057,No,Black,White
1058,No,Black,Black
1059,No,Black,Black
1060,No,White,Black
1061,No,White,Black
1062,No,Black,Black
1063,No,White,White
1064,Yes,Black,White
1065,No,Black,Black
1066,No,White,White
1067,Yes,White,White
1068,No,Black,Black
1069,No,White,Black
1070,No,Black,Black
1071,No,Black,Black
1072,No,Black,Black
1073,No,Black,Black
1074,No,Black,Black
1075,No,White,Black
1076,No,White,White
1077,No,White,White
1078,No,Black,Black
1079,No,Black,Black
1080,No,Black,Black
1081,No,Black,Black
1082,No,Black,Black
1083,No,Black,Black
1084,No,Black,Black
1085,No,Black,Black
1086,No,Black,Black
1087,No,White,White
1088,No,Black,Black
1089,No,White,White
1090,No,White,Black
1091,No,White,White
1092,No,Black,Black
1093,No,White,White
1094,No,Black,Black
1095,No,Black,Black
1096,No,White,Black
1097,No,White,White
1098,No,White,White
1099,No,White,White
1100,Yes,Black,White
1101,No,White,White
1102,No,Black,Black
1103,No,White,White
1104,No,White,White
1105,No,Black,Black
1106,No,White,White
1107,No,Black,Black
1108,No,White,White
1109,No,White,White
1110,No,White,White
1111,No,White,White
1112,No,White,White
1113,No,Black,Black
1114,No,White,White
1115,No,Black,Black
1116,No,Black,Black
1117,No,White,White
1118,No,White,White
1119,No,Black,Black
1120,No,White,Black
1121,No,White,Black
1122,No,Black,Black
1123,No,Black,Black
1124,No,Black,Black
1125,No,White,Black
1126,No,Black,Black
1127,No,Black,Black
1128,No,Black,White
1129,No,Black,Black
1130,No,Black,Black
1131,No,Black,Black
1132,No,Black,Black
1133,No,White,Black
1134,No,White,Black
1135,No,White,White
1136,No,Black,Black
1137,No,Black,Black
1138,No,Black,Black
1139,No,Black,White
1140,No,White,White
1141,No,Black,Black
1142,No,Black,Black
1143,No,Black,Black
1144,No,White,Black
1145,No,White,Black
1146,No,White,White
1147,No,White,White
1148,No,White,White
1149,No,White,White
1150,No,Black,Black
1151,No,Black,Black
1152,No,Black,Black
1153,No,Black,Black
1154,No,Black,Black
1155,No,White,Black
1156,Yes,White,White
1157,No,Black,Black
1158,No,White,White
1159,No,Black,Black
1160,No,White,White
1161,No,White,White
1162,No,Black,Black
1163,No,White,White
1164,No,Black,Black
1165,No,White,White
1166,No,White,White
1167,No,Black,Black
1168,No,Black,Black
1169,No,White,White
1170,No,Black,Black
1171,No,White,White
1172,No,Black,Black
1173,No,Black,Black
1174,No,White,White
1175,No,White,White
1176,No,White,White
1177,No,Black,Black
1178,No,White,White
1179,No,White,White
1180,No,Black,White
1181,No,White,White
1182,No,Black,Black
1183,No,White,White
1184,No,White,White
1185,No,Black,Black
1186,No,White,Black
1187,No,White,Black
1188,No,White,White
1189,No,Black,Black
1190,No,Black,White
1191,No,Black,Black
1192,No,Black,Black
1193,No,White,White
1194,No,Black,Black
1195,No,White,White
1196,No,Black,Black
1197,No,Black,Black
1198,No,White,White
1199,No,White,White
1200,No,Black,White
1201,No,White,Black
1202,No,Black,Black
1203,No,Black,Black
1204,No,White,White
1205,No,White,White
1206,No,Black,Black
1207,Yes,Black,White
1208,No,White,White
1209,No,Black,Black
1210,No,White,White
1211,No,Black,Black
1212,No,Black,Black
1213,No,White,Black
1214,No,Black,Black
1215,No,Black,Black
1216,No,White,White
1217,No,White,White
1218,No,White,White
1219,No,Black,White
1220,No,White,White
1221,No,Black,Black
1222,No,White,Black
1223,No,Black,Black
1224,No,White,White
1225,No,White,White
1226,No,White,White
1227,No,Black,Black
1228,No,White,White
1229,No,Black,Black
1230,No,White,White
1231,No,Black,Black
1232,No,Black,Black
1233,No,Black,Black
1234,No,Black,Black
1235,No,Black,Black
1236,No,White,White
1237,No,Black,Black
1238,No,Black,Black
1239,No,Black,Black
1240,No,White,White
1241,Yes,Black,Black
1242,No,White,White
1243,No,Black,Black
1244,No,White,White
1245,No,Black,Black
1246,No,White,White
1247,No,White,White
1248,No,Black,Black
1249,No,Black,Black
1250,No,Black,Black
1251,No,Black,Black
1252,No,Black,Black
1253,No,Black,Black
1254,No,White,White
1255,No,White,White
1256,No,Black,Black
1257,No,White,White
1258,No,Black,Black
1259,No,Black,Black
1260,No,White,White
1261,No,Black,Black
1262,No,Black,Black
1263,No,Black,Black
1264,No,Black,Black
1265,No,White,Black
1266,No,White,White
1267,No,Black,Black
1268,No,White,Black
1269,No,Black,Black
1270,No,Black,Black
1271,No,White,White
1272,No,White,Black
1273,No,Black,Black
1274,No,Black,Black
1275,No,Black,Black
1276,No,Black,Black
1277,No,White,Black
1278,No,Black,Black
1279,No,Black,Black
1280,Yes,Black,White
1281,No,Black,Black
1282,Yes,Black,White
1283,No,White,Black
1284,No,Black,Black
1285,No,Black,Black
1286,No,White,White
1287,No,Black,Black
1288,No,White,White
1289,No,Black,Black
1290,No,White,White
1291,No,White,White
1292,No,Black,Black
1293,No,Black,Black
1294,No,Black,Black
1295,No,White,White
1296,No,Black,Black
1297,Yes,Black,White
1298,No,Black,Black
1299,No,Black,Black
1300,No,White,White
1301,No,Black,Black
1302,No,Black,Black
1303,Yes,Black,White
1304,No,White,White
1305,No,White,White
1306,No,Black,Black
1307,No,White,White
1308,No,Black,Black
1309,No,White,Black
1310,Yes,Black,White
1311,No,White,White
1312,No,Black,Black
1313,No,White,Black
1314,No,Black,Black
1315,No,Black,Black
1316,No,Black,Black
1317,No,White,White
1318,No,Black,Black
1319,No,White,White
1320,No,White,Black
1321,No,White,White
1322,No,Black,Black
1323,Yes,Black,Black
1324,No,White,White
1325,No,White,Black
1326,No,Black,Black
1327,No,Black,Black
1328,No,Black,Black
1329,No,White,White
1330,No,White,White
1331,No,Black,Black
1332,No,White,White
1333,No,Black,Black
1334,No,White,White
1335,No,White,Black
1336,No,White,White
1337,No,Black,Black
1338,No,Black,Black
1339,No,Black,Black
1340,No,White,Black
1341,No,Black,Black
1342,No,Black,Black
1343,No,White,White
1344,No,White,White
1345,No,White,White
1346,No,White,White
1347,No,White,Black
1348,No,White,White
1349,Yes,Black,White
1350,No,Black,Black
1351,No,Black,Black
1352,No,Black,Black
1353,No,Black,Black
1354,No,White,White
1355,No,Black,Black
1356,No,White,White
1357,No,Black,Black
1358,No,White,White
1359,No,Black,Black
1360,No,Black,Black
1361,No,Black,Black
1362,No,White,White
1363,No,Black,Black
1364,No,Black,Black
1365,No,Black,Black
1366,No,White,White
1367,No,Black,Black
1368,No,Black,Black
1369,No,Black,Black
1370,No,White,Black
1371,No,Black,Black
1372,No,White,White
1373,No,Black,Black
1374,No,Black,Black
1375,No,White,White
1376,No,White,White
1377,No,White,White
1378,No,Black,Black
1379,No,Black,Black
1380,No,White,White
1381,No,White,White
1382,No,Black,Black
1383,No,White,White
1384,No,Black,Black
1385,Yes,Black,Black
1386,Yes,Black,Black
1387,No,White,White
1388,No,Black,Black
1389,No,White,White
1390,No,Black,Black
1391,No,Black,White
1392,No,Black,Black
1393,No,White,Black
1394,No,White,Black
1395,No,Black,Black
1396,No,Black,Black
1397,No,Black,Black
1398,No,Black,Black
1399,No,White,White
1400,No,White,White
1401,No,Black,White
1402,No,White,White
1403,No,White,White
1404,No,Black,Black
1405,No,Black,Black
1406,No,Black,Black
1407,No,White,Black
1408,No,White,White
1409,No,Black,Black
1410,No,Black,Black
1411,No,White,White
1412,No,White,White
1413,No,White,White
1414,No,Black,Black
1415,No,Black,Black
1416,No,Black,White
1417,No,White,Black
1418,No,Black,Black
1419,Yes,White,White
1420,No,White,Black
1421,No,White,Black
1422,No,White,White
1423,No,White,White
1424,No,Black,Black
1425,No,Black,Black
1426,No,Black,Black
1427,No,White,Black
1428,No,Black,Black
1429,No,White,White
1430,No,Black,Black
1431,No,White,White
1432,No,Black,Black
1433,No,White,White
1434,No,Black,Black
1435,No,White,Black
1436,Yes,Black,Black
1437,No,Black,Black
1438,No,Black,Black
1439,No,Black,Black
1440,No,White,White
1441,Yes,Black,Black
1442,No,Black,Black
1443,No,Black,Black
1444,No,White,White
1445,No,White,White
1446,No,Black,Black
1447,No,Black,Black
1448,No,Black,Black
1449,Yes,Black,White
1450,No,White,White
1451,No,White,White
1452,No,White,White
1453,No,Black,Black
1454,No,Black,Black
1455,No,Black,Black
1456,No,Black,Black
1457,No,White,White
1458,No,Black,Black
1459,No,Black,Black
1460,No,Black,Black
1461,No,White,Black
1462,No,Black,Black
1463,No,White,White
1464,No,Black,Black
1465,No,Black,Black
1466,No,Black,Black
1467,No,Black,Black
1468,No,Black,Black
1469,No,Black,Black
1470,No,Black,Black
1471,No,Black,Black
1472,Yes,White,White
1473,No,White,White
1474,No,Black,Black
1475,No,Black,Black
1476,No,White,Black
1477,No,White,White
1478,No,Black,Black
1479,No,White,White
1480,No,White,White
1481,No,Black,Black
1482,No,Black,Black
1483,No,White,Black
1484,No,White,White
1485,No,White,White
1486,No,Black,White
1487,No,White,Black
1488,No,Black,Black
1489,No,Black,Black
1490,No,Black,Black
1491,No,White,White
1492,No,White,Black
1493,No,White,White
1494,No,White,White
1495,No,Black,Black
1496,No,White,Black
1497,No,White,White
1498,No,Black,Black
1499,No,Black,Black
1500,No,Black,Black
1501,No,Black,Black
1502,No,Black,Black
1503,No,Black,Black
1504,No,Black,Black
1505,No,White,White
1506,No,White,White
1507,No,Black,Black
1508,No,White,White
1509,No,White,White
1510,No,Black,Black
1511,No,Black,Black
1512,No,White,White
1513,No,White,White
1514,Yes,Black,White
1515,No,White,White
1516,No,Black,Black
1517,No,White,White
1518,No,Black,Black
1519,No,White,White
1520,No,White,White
1521,No,Black,Black
1522,No,Black,Black
1523,No,Black,Black
1524,No,Black,Black
1525,No,Black,Black
1526,No,Black,Black
1527,No,Black,Black
1528,No,White,White
1529,No,Black,Black
1530,No,Black,Black
1531,No,Black,Black
1532,No,Black,Black
1533,No,Black,Black
1534,No,Black,Black
1535,No,White,White
1536,No,Black,Black
1537,No,Black,Black
1538,No,Black,White
1539,No,White,Black
1540,No,White,White
1541,No,Black,Black
1542,No,White,Black
1543,No,White,Black
1544,No,Black,Black
1545,No,Black,Black
1546,No,White,White
1547,No,White,Black
1548,No,White,White
1549,No,Black,Black
1550,No,Black,Black
1551,No,Black,Black
1552,No,White,White
1553,No,Black,Black
1554,No,Black,Black
1555,No,Black,Black
1556,No,Black,Black
1557,No,White,Black
1558,No,White,White
1559,No,White,White
1560,No,Black,Black
1561,No,White,White
1562,No,Black,Black
1563,Yes,Black,White
1564,No,White,White
1565,No,White,White
1566,No,Black,Black
1567,No,Black,Black
1568,No,White,White
1569,No,White,White
1570,No,White,White
1571,No,White,White
1572,No,Black,Black
1573,No,Black,Black
1574,No,White,White
1575,No,Black,Black
1576,No,White,White
1577,No,Black,Black
1578,No,Black,Black
1579,No,White,White
1580,No,Black,White
1581,No,Black,White
1582,No,White,White
1583,No,White,White
1584,No,Black,Black
1585,No,Black,Black
1586,No,Black,Black
1587,Yes,Black,White
1588,No,Black,Black
1589,No,Black,Black
1590,No,Black,Black
1591,No,Black,Black
1592,No,White,White
1593,No,White,Black
1594,No,Black,Black
1595,No,Black,White
1596,No,Black,Black
1597,No,White,White
1598,No,White,White
1599,No,Black,Black
1600,No,Black,White
1601,No,Black,Black
1602,No,Black,Black
1603,No,Black,Black
1604,No,Black,Black
1605,No,Black,Black
1606,No,Black,Black
1607,No,Black,Black
1608,No,Black,White
1609,No,White,White
1610,No,White,White
1611,No,Black,Black
1612,No,White,White
1613,No,Black,Black
1614,Yes,White,White
1615,No,Black,Black
1616,No,Black,Black
1617,No,Black,Black
1618,No,White,Black
1619,No,White,White
1620,No,Black,White
1621,No,White,White
1622,No,White,White
1623,No,Black,Black
1624,No,White,White
1625,No,White,White
1626,No,White,White
1627,No,White,White
1628,No,Black,Black
1629,No,Black,Black
1630,No,White,White
1631,No,Black,Black
1632,No,Black,Black
1633,No,White,White
1634,No,Black,Black
1635,No,White,White
1636,No,Black,Black
1637,No,Black,Black
1638,No,Black,Black
1639,No,White,White
1640,No,Black,Black
1641,No,White,White
1642,No,Black,Black
1643,No,Black,Black
1644,No,Black,Black
1645,No,Black,Black
1646,No,White,White
1647,No,Black,Black
1648,No,White,White
1649,No,Black,Black
1650,No,White,White
1651,Yes,Black,White
1652,No,Black,White
1653,Yes,White,White
1654,No,Black,Black
1655,No,Black,Black
1656,No,White,White
1657,No,White,White
1658,Yes,Black,White
1659,No,Black,Black
1660,No,White,Black
1661,No,White,White
1662,No,Black,Black
1663,No,Black,Black
1664,No,White,White
1665,No,Black,Black
1666,No,Black,Black
1667,No,Black,Black
1668,Yes,White,White
1669,No,White,White
1670,No,White,White
1671,No,White,Black
1672,No,White,White
1673,No,Black,Black
1674,No,White,Black
1675,Yes,White,White
1676,No,White,White
1677,No,White,White
1678,No,Black,Black
1679,No,White,White
1680,No,White,White
1681,No,White,White
1682,No,Black,Black
1683,No,Black,Black
1684,Yes,Black,Black
1685,No,Black,Black
1686,No,White,White
1687,No,White,Black
1688,No,Black,Black
1689,No,Black,Black
1690,No,Black,Black
1691,No,Black,Black
1692,No,Black,Black
1693,No,Black,Black
1694,No,White,White
1695,No,Black,Black
1696,No,White,White
1697,No,Black,Black
1698,No,Black,Black
1699,No,White,Black
1700,No,Black,Black
1701,Yes,White,White
1702,No,Black,Black
1703,No,White,White
1704,No,Black,Black
1705,No,Black,Black
1706,No,White,White
1707,No,White,White
1708,No,Black,Black
1709,No,Black,Black
1710,No,Black,Black
1711,No,White,White
1712,No,White,White
1713,No,Black,Black
1714,No,Black,Black
1715,No,Black,Black
1716,No,Black,Black
1717,No,Black,Black
1718,No,Black,Black
1719,No,Black,Black
1720,No,White,White
1721,No,Black,White
1722,No,Black,Black
1723,No,White,White
1724,No,White,White
1725,No,Black,Black
1726,No,Black,Black
1727,No,White,White
1728,No,Black,Black
1729,No,Black,Black
1730,No,Black,Black
1731,No,Black,Black
1732,No,Black,Black
1733,No,Black,Black
1734,No,White,White
1735,No,White,Black
1736,No,White,White
1737,No,Black,Black
1738,No,Black,Black
1739,No,Black,Black
1740,Yes,Black,White
1741,No,Black,Black
1742,No,Black,Black
1743,No,White,White
1744,No,Black,Black
1745,No,Black,Black
1746,No,White,White
1747,No,White,White
1748,No,Black,Black
1749,No,Black,Black
1750,No,White,White
1751,No,White,White
1752,No,White,White
1753,No,Black,Black
1754,No,White,White
1755,No,White,White
1756,No,Black,Black
1757,No,Black,Black
1758,No,White,White
1759,No,White,White
1760,Yes,Black,White
1761,No,White,White
1762,No,Black,Black
1763,No,Black,Black
1764,No,Black,Black
1765,No,Black,Black
1766,No,White,White
1767,No,White,Black
1768,No,Black,Black
1769,No,White,Black
1770,No,Black,Black
1771,No,White,White
1772,No,White,White
1773,No,Black,Black
1774,No,White,White
1775,No,White,Black
1776,No,Black,Black
1777,No,White,Black
1778,No,Black,Black
1779,No,Black,Black
1780,No,White,White
1781,No,Black,Black
1782,No,Black,Black
1783,No,White,Black
1784,No,White,Black
1785,No,Black,Black
1786,No,Black,Black
1787,No,White,White
1788,No,Black,Black
1789,No,Black,Black
1790,No,Black,Black
1791,No,Black,Black
1792,No,Black,Black
1793,No,White,White
1794,No,White,White
1795,No,Black,Black
1796,No,Black,Black
1797,Yes,Black,Black
1798,No,White,White
1799,No,Black,Black
1800,No,Black,Black
1801,Yes,White,White
1802,No,Black,Black
1803,No,Black,Black
1804,No,Black,Black
1805,No,Black,Black
1806,No,Black,Black
1807,No,Black,Black
1808,No,Black,Black
1809,No,White,White
1810,No,Black,Black
1811,No,Black,Black
1812,No,White,White
1813,No,Black,Black
1814,No,Black,Black
1815,Yes,White,White
1816,No,Black,Black
1817,No,White,White
1818,No,White,White
1819,No,White,White
1820,No,White,White
1821,No,Black,Black
1822,No,Black,Black
1823,No,Black,Black
1824,No,Black,Black
1825,No,White,White
1826,Yes,White,White
1827,No,Black,Black
1828,No,White,White
1829,No,Black,Black
1830,No,Black,Black
1831,No,Black,Black
1832,No,Black,Black
1833,No,Black,Black
1834,No,Black,Black
1835,No,Black,Black
1836,No,Black,Black
1837,No,Black,Black
1838,No,Black,Black
1839,No,White,White
1840,No,Black,Black
1841,No,Black,White
1842,No,Black,Black
1843,No,Black,Black
1844,No,White,Black
1845,No,Black,Black
1846,No,Black,Black
1847,Yes,Black,White
1848,No,Black,Black
1849,No,White,Black
1850,No,White,White
1851,No,White,White
1852,No,Black,Black
1853,No,Black,Black
1854,No,Black,Black
1855,No,Black,White
1856,No,White,White
1857,No,Black,Black
1858,No,Black,Black
1859,No,Black,Black
1860,No,Black,Black
1861,No,White,White
1862,No,Black,Black
1863,Yes,White,White
1864,No,White,White
1865,No,White,White
1866,No,Black,Black
1867,No,Black,Black
1868,No,Black,Black
1869,No,White,White
1870,No,Black,Black
1871,No,Black,Black
1872,No,White,White
1873,No,White,White
1874,No,Black,Black
1875,No,Black,Black
1876,No,Black,Black
1877,No,Black,Black
1878,No,White,White
1879,No,White,White
1880,No,Black,Black
1881,No,White,White
1882,No,White,Black
1883,No,Black,Black
1884,No,White,Black
1885,No,White,White
1886,No,White,White
1887,No,White,White
1888,Yes,White,White
1889,No,Black,Black
1890,No,Black,Black
1891,No,White,White
1892,No,White,White
1893,No,White,White
1894,No,White,White
1895,No,Black,Black
1896,No,Black,Black
1897,No,White,Black
1898,No,White,White
1899,No,Black,Black
1900,No,White,White
1901,No,White,Black
1902,Yes,Black,Black
1903,No,Black,Black
1904,No,White,White
1905,No,Black,Black
1906,No,Black,Black
1907,No,White,White
1908,No,White,White
1909,Yes,White,White
1910,No,White,White
1911,No,Black,Black
1912,No,White,White
1913,No,Black,Black
1914,No,Black,Black
1915,No,White,Black
1916,No,Black,Black
1917,No,White,Black
1918,No,White,White
1919,No,Black,Black
1920,No,Black,Black
1921,No,Black,Black
1922,No,White,Black
1923,No,White,White
1924,No,Black,Black
1925,No,White,White
1926,No,White,White
1927,No,Black,Black
1928,No,White,White
1929,No,White,White
1930,No,Black,Black
1931,No,Black,Black
1932,No,Black,Black
1933,No,White,White
1934,No,Black,Black
1935,No,White,White
1936,No,Black,Black
1937,No,Black,Black
1938,No,White,White
1939,No,White,White
1940,No,Black,Black
1941,No,Black,Black
1942,No,Black,Black
1943,No,Black,Black
1944,No,White,White
1945,No,White,White
1946,No,Black,Black
1947,No,Black,Black
1948,No,Black,Black
1949,No,Black,Black
1950,No,White,White
1951,No,White,White
1952,No,Black,Black
1953,No,White,White
1954,No,Black,Black
1955,No,Black,Black
1956,No,White,Black
1957,No,Black,Black
1958,Yes,Black,White
1959,No,Black,Black
1960,No,Black,Black
1961,No,Black,Black
1962,No,Black,Black
1963,No,Black,Black
1964,No,Black,Black
1965,No,Black,Black
1966,No,White,White
1967,No,White,Black
1968,No,Black,Black
1969,No,Black,Black
1970,No,Black,Black
1971,No,White,White
1972,No,Black,Black
1973,No,Black,Black
1974,No,White,White
1975,No,Black,Black
1976,No,White,Black
1977,No,Black,Black
1978,No,White,White
1979,No,Black,Black
1980,No,Black,White
1981,No,Black,Black
1982,No,Black,Black
1983,No,White,White
1984,No,Black,Black
1985,No,Black,Black
1986,No,Black,White
1987,No,White,White
1988,No,Black,Black
1989,No,White,White
1990,No,White,White
1991,No,Black,Black
1992,No,White,White
1993,No,White,Black
1994,No,White,White
1995,No,White,White
1996,No,White,White
1997,No,Black,Black
1998,No,Black,Black
1999,No,Black,Black
2000,No,Black,White
2001,No,White,White
2002,No,Black,Black
2003,Yes,Black,White
2004,No,Black,Black
2005,No,Black,Black
2006,No,Black,Black
2007,Yes,Black,White
2008,No,Black,Black
2009,No,Black,Black
2010,No,White,White
2011,No,White,White
2012,No,Black,Black
2013,No,Black,Black
2014,No,Black,Black
2015,No,Black,Black
2016,No,Black,Black
2017,No,Black,Black
2018,No,White,Black
2019,No,Black,Black
2020,No,White,White
2021,No,Black,White
2022,No,Black,Black
2023,No,Black,Black
2024,No,White,White
2025,No,Black,Black
2026,No,White,White
2027,No,Black,Black
2028,No,Black,Black
2029,No,Black,Black
2030,No,Black,Black
2031,No,White,White
2032,No,White,White
2033,No,Black,Black
2034,No,Black,Black
2035,No,White,White
2036,No,Black,Black
2037,No,Black,Black
2038,No,Black,Black
2039,No,Black,White
2040,No,Black,Black
2041,No,Black,Black
2042,No,White,White
2043,No,Black,Black
2044,No,Black,White
2045,No,Black,Black
2046,No,Black,Black
2047,No,Black,Black
2048,No,Black,Black
2049,No,White,Black
2050,No,White,White
2051,No,Black,Black
2052,No,White,White
2053,No,Black,Black
2054,No,Black,Black
2055,No,White,White
2056,No,Black,Black
2057,No,Black,Black
2058,No,Black,Black
2059,No,White,White
2060,No,Black,Black
2061,No,Black,Black
2062,No,Black,Black
2063,No,Black,Black
2064,No,White,White
2065,No,White,Black
2066,No,Black,Black
2067,No,White,White
2068,No,Black,Black
2069,No,Black,Black
2070,No,Black,Black
2071,No,White,White
2072,No,Black,Black
2073,No,Black,Black
2074,No,Black,Black
2075,Yes,Black,White
2076,No,White,White
2077,No,White,White
2078,No,Black,Black
2079,No,Black,Black
2080,No,Black,Black
2081,No,White,White
2082,No,Black,Black
2083,No,Black,Black
2084,No,White,White
2085,Yes,Black,White
2086,No,Black,Black
2087,No,Black,Black
2088,No,White,White
2089,No,Black,Black
2090,No,White,White
2091,No,Black,Black
2092,No,Black,Black
2093,No,Black,Black
2094,No,White,White
2095,No,White,White
2096,Yes,Black,White
2097,No,White,White
2098,No,White,White
2099,No,White,White
2100,No,Black,Black
2101,No,White,White
2102,No,White,White
2103,No,White,White
2104,No,Black,Black
2105,Yes,Black,Black
2106,No,White,White
2107,No,Black,Black
2108,No,Black,Black
2109,No,Black,Black
2110,No,White,White
2111,No,White,Black
2112,No,White,White
2113,No,Black,Black
2114,No,Black,Black
2115,No,Black,Black
2116,No,White,White
2117,No,White,White
2118,No,White,White
2119,No,Black,Black
2120,No,White,White
2121,No,Black,Black
2122,No,Black,Black
2123,No,White,White
2124,No,White,White
2125,No,White,White
2126,No,Black,Black
2127,No,White,Black
2128,No,Black,Black
2129,No,Black,Black
2130,No,Black,Black
2131,No,Black,Black
2132,Yes,Black,White
2133,No,Black,Black
2134,No,Black,Black
2135,No,Black,Black
2136,No,Black,Black
2137,No,Black,Black
2138,No,Black,Black
2139,No,Black,White
2140,No,Black,Black
2141,No,White,White
2142,No,Black,Black
2143,No,Black,Black
2144,No,White,White
2145,No,White,White
2146,No,White,Black
2147,No,Black,Black
2148,No,White,Black
2149,No,Black,Black
2150,No,White,White
2151,No,Black,Black
2152,No,Black,Black
2153,No,Black,Black
2154,No,Black,Black
2155,No,Black,Black
2156,No,Black,Black
2157,No,White,White
2158,No,White,White
2159,No,Black,Black
2160,No,White,White
2161,No,Black,Black
2162,No,Black,Black
2163,No,Black,Black
2164,No,White,White
2165,No,Black,Black
2166,No,Black,Black
2167,No,Black,Black
2168,No,White,White
2169,Yes,White,White
2170,No,White,White
2171,No,Black,Black
2172,No,White,White
2173,No,White,White
2174,No,White,White
2175,No,Black,Black
2176,No,Black,White
2177,No,Black,Black
2178,No,Black,Black
2179,Yes,White,White
2180,No,White,Black
2181,No,White,White
2182,No,White,White
2183,No,Black,Black
2184,No,Black,Black
2185,No,Black,Black
2186,Yes,Black,Black
2187,No,White,White
2188,No,Black,Black
2189,No,White,White
2190,Yes,Black,White
2191,No,White,White
2192,No,White,White
2193,No,White,White
2194,No,Black,Black
2195,No,Black,Black
2196,No,Black,Black
2197,No,White,White
2198,No,White,White
2199,No,Black,Black
2200,No,Black,Black
2201,No,White,White
2202,No,Black,Black
2203,No,Black,Black
2204,No,White,Black
2205,No,Black,Black
2206,No,White,Black
2207,No,Black,Black
2208,No,Black,White
2209,No,Black,Black
2210,No,White,Black
2211,No,Black,Black
2212,No,Black,Black
2213,No,White,White
2214,No,Black,Black
2215,No,Black,Black
2216,No,White,White
2217,No,Black,Black
2218,No,White,Black
2219,No,Black,Black
2220,No,Black,Black
2221,No,White,Black
2222,No,White,White
2223,No,Black,Black
2224,No,Black,Black
2225,No,Black,Black
2226,No,Black,Black
2227,No,White,White
2228,No,Black,Black
2229,No,Black,Black
2230,No,Black,Black
2231,No,White,Black
2232,Yes,Black,White
2233,No,White,White
2234,No,Black,Black
2235,No,White,White
2236,No,Black,Black
2237,No,White,Black
2238,Yes,White,White
2239,No,Black,Black
2240,No,Black,Black
2241,No,Black,Black
2242,No,Black,Black
2243,No,Black,Black
2244,Yes,White,White
2245,No,Black,Black
2246,No,White,White
2247,No,White,White
2248,No,Black,Black
2249,No,Black,Black
2250,No,Black,Black
2251,No,White,White
2252,No,Black,Black
2253,No,Black,Black
2254,No,Black,Black
2255,No,Black,Black
2256,No,Black,Black
2257,No,Black,Black
2258,No,Black,Black
2259,No,Black,Black
2260,No,White,White
2261,No,White,Black
2262,No,Black,Black
2263,Yes,White,White
2264,No,Black,Black
2265,No,White,White
2266,No,White,White
2267,No,White,White
2268,No,Black,Black
2269,Yes,Black,White
2270,No,Black,Black
2271,No,Black,Black
2272,No,White,White
2273,No,Black,Black
2274,No,White,White
2275,No,Black,Black
2276,No,Black,Black
2277,No,Black,Black
2278,No,White,White
2279,No,Black,Black
2280,No,White,White
2281,No,White,Black
2282,No,White,White
2283,No,White,White
2284,No,Black,Black
2285,No,Black,Black
2286,No,White,Black
2287,No,White,White
2288,No,Black,Black
2289,No,Black,Black
2290,No,White,White
2291,No,Black,Black
2292,No,Black,Black
2293,No,Black,Black
2294,No,Black,White
2295,No,White,White
2296,No,Black,Black
2297,No,Black,Black
2298,No,White,White
2299,No,White,Black
2300,Yes,White,White
2301,No,White,White
2302,No,White,White
2303,No,Black,Black
2304,No,White,White
2305,No,Black,Black
2306,No,White,White
2307,No,White,White
2308,Yes,White,White
2309,No,Black,Black
2310,No,Black,Black
2311,No,White,White
2312,No,Black,Black
2313,No,White,White
2314,No,Black,Black
2315,No,White,White
2316,No,White,White
2317,No,White,White
2318,No,Black,Black
2319,No,White,White
2320,No,White,White
2321,No,Black,Black
2322,No,White,White
2323,No,White,White
2324,No,Black,Black
2325,No,Black,White
2326,No,Black,Black
2327,No,Black,Black
2328,Yes,White,White
2329,No,Black,Black
2330,No,Black,Black
2331,No,Black,White
2332,No,White,White
2333,No,White,Black
2334,No,White,White
2335,No,White,Black
2336,No,Black,Black
2337,Yes,White,White
2338,No,Black,Black
2339,No,White,White
2340,No,Black,Black
2341,No,White,White
2342,No,Black,White
2343,No,Black,Black
2344,No,Black,Black
2345,No,Black,Black
2346,No,White,White
2347,No,Black,Black
2348,No,Black,Black
2349,No,Black,Black
2350,No,Black,Black
2351,No,Black,Black
2352,No,Black,Black
2353,No,Black,Black
2354,No,Black,Black
2355,No,White,White
2356,No,Black,Black
2357,Yes,White,White
2358,No,Black,Black
2359,No,Black,Black
2360,No,Black,Black
2361,No,White,White
2362,No,Black,Black
2363,No,Black,Black
2364,No,Black,Black
2365,No,White,Black
2366,No,Black,Black
2367,No,Black,Black
2368,No,Black,Black
2369,No,Black,Black
2370,No,Black,Black
2371,No,Black,Black
2372,Yes,White,White
2373,No,Black,Black
2374,No,Black,Black
2375,Yes,Black,White
2376,No,Black,Black
2377,No,White,White
2378,No,White,Black
2379,No,Black,Black
2380,No,Black,Black
2381,No,Black,Black
2382,No,Black,White
2383,No,White,Black
2384,No,White,White
2385,No,Black,Black
2386,No,Black,Black
2387,No,Black,Black
2388,No,Black,Black
2389,No,White,White
2390,No,White,White
2391,No,White,White
2392,Yes,Black,White
2393,No,Black,Black
2394,No,Black,Black
2395,No,Black,Black
2396,No,White,White
2397,No,Black,Black
2398,No,Black,Black
2399,No,Black,Black
2400,No,White,Black
2401,Yes,Black,White
2402,No,White,White
2403,No,Black,Black
2404,No,Black,Black
2405,No,White,White
2406,No,Black,Black
2407,No,White,Black
2408,No,White,White
2409,No,Black,Black
2410,No,White,White
2411,No,Black,Black
2412,No,Black,Black
2413,No,Black,Black
2414,No,White,Black
2415,No,Black,Black
2416,No,White,Black
2417,No,White,White
2418,No,White,White
2419,No,White,Black
2420,No,White,White
2421,No,White,White
2422,No,White,White
2423,No,White,Black
2424,No,Black,Black
2425,No,Black,Black
2426,No,White,White
2427,No,White,White
2428,No,Black,Black
2429,No,Black,Black
2430,No,White,Black
2431,No,White,White
2432,No,White,White
2433,No,White,Black
2434,No,White,White
2435,Yes,Black,White
2436,Yes,White,White
2437,No,White,White
2438,No,Black,Black
2439,No,Black,Black
2440,No,Black,Black
2441,No,White,Black
2442,No,White,White
2443,No,White,White
2444,No,Black,Black
2445,No,Black,Black
2446,No,Black,Black
2447,No,White,White
2448,No,Black,Black
2449,No,White,White
2450,No,Black,Black
2451,No,Black,Black
2452,No,Black,Black
2453,No,White,White
2454,No,White,White
2455,No,Black,Black
2456,No,Black,Black
2457,No,Black,Black
2458,Yes,Black,Black
2459,No,Black,Black
2460,No,Black,Black
2461,No,White,White
2462,No,Black,Black
2463,No,White,White
2464,No,Black,Black
2465,No,Black,Black
2466,No,White,White
2467,No,White,White
2468,No,White,White
2469,No,White,White
2470,No,Black,Black
2471,No,White,White
2472,No,White,White
2473,No,White,Black
2474,No,Black,Black
2475,No,Black,Black
